"Reference","Value","Footprint","Manufacturer","MPN","Description"
"C1","100nF","Capacitor_SMD:C_0805_2012Metric","Samsung Electro-Mechanics","CL21B104KBCNNNC","CAP CER 0.1UF 50V X7R 0805"
"C2","10uF","Capacitor_SMD:C_0805_2012Metric","YAGEO","CC0805KRX5R7BB106","CAP CER 10UF 16V X5R 0805"
"C3","100nF","Capacitor_SMD:C_0805_2012Metric","Samsung Electro-Mechanics","CL21B104KBCNNNC","CAP CER 0.1UF 50V X7R 0805"
"C4","4.7uF","Capacitor_SMD:C_0805_2012Metric","Samsung Electro-Mechanics","CL21A475KOFNNNG","CAP CER 4.7UF 16V X5R 0805"
"C5","100nF","Capacitor_SMD:C_0805_2012Metric","Samsung Electro-Mechanics","CL21B104KBCNNNC","CAP CER 0.1UF 50V X7R 0805"
"C6","4.7uF","Capacitor_SMD:C_0805_2012Metric","Samsung Electro-Mechanics","CL21A475KOFNNNG","CAP CER 4.7UF 16V X5R 0805"
"C7","4.7uF","Capacitor_SMD:C_0805_2012Metric","Samsung Electro-Mechanics","CL21A475KOFNNNG","CAP CER 4.7UF 16V X5R 0805"
"C8","100nF","Capacitor_SMD:C_0805_2012Metric","Samsung Electro-Mechanics","CL21B104KBCNNNC","CAP CER 0.1UF 50V X7R 0805"
"C9","4.7uF","Capacitor_SMD:C_0805_2012Metric","Samsung Electro-Mechanics","CL21A475KOFNNNG","CAP CER 4.7UF 16V X5R 0805"
"C10","1uF","Capacitor_SMD:C_0805_2012Metric","Samsung Electro-Mechanics","CL21B105KOFNNWE","CAP CER 1UF 16V X7R 0805"
"C11","10uF","Capacitor_SMD:C_0805_2012Metric","YAGEO","CC0805KRX5R7BB106","CAP CER 10UF 16V X5R 0805"
"C12","100nF","Capacitor_SMD:C_0805_2012Metric","Samsung Electro-Mechanics","CL21B104KBCNNNC","CAP CER 0.1UF 50V X7R 0805"
"C13","100uF","Capacitor_SMD:CP_Elec_6.3x5.4","Nichicon","UCD1C101MCL1GS","CAP ALUM 100UF 20% 16V SMD 6.3mm dia"
"C14","100nF","Capacitor_SMD:C_0805_2012Metric","Samsung Electro-Mechanics","CL21B104KBCNNNC","CAP CER 0.1UF 50V X7R 0805"
"C15","100nF","Capacitor_SMD:C_0805_2012Metric","Samsung Electro-Mechanics","CL21B104KBCNNNC","CAP CER 0.1UF 50V X7R 0805"
"C16","10uF","Capacitor_SMD:C_0805_2012Metric","YAGEO","CC0805KRX5R7BB106","CAP CER 10UF 16V X5R 0805"
"C17","100nF","Capacitor_SMD:C_0805_2012Metric","Samsung Electro-Mechanics","CL21B104KBCNNNC","CAP CER 0.1UF 50V X7R 0805"
"C18","10uF","Capacitor_SMD:C_0805_2012Metric","YAGEO","CC0805KRX5R7BB106","CAP CER 10UF 16V X5R 0805"
"C19","22uF","Capacitor_SMD:C_0805_2012Metric","Samsung Electro-Mechanics","CL21A226KOQNNNG","CAP CER 22UF 16V X5R 0805"
"D1","B5819W","Diode_SMD:D_SOD-123","MCC (Micro Commercial Components)","B5819W-TP","DIODE SCHOTTKY 40V 1A SOD-123"
"D2","CHG-GREEN","LED_SMD:LED_0805_2012Metric","Lite-On Inc.","LTST-C170GKT","LED GREEN CLEAR 0805 SMD"
"D3","STATUS","LED_SMD:LED_0805_2012Metric","Lite-On Inc.","LTST-C170TBKT","LED BLUE CLEAR 0805 SMD"
"D4","SS34","Diode_SMD:D_SMA","Comchip Technology","SS34-HF","DIODE SCHOTTKY 40V 3A DO-214AC (SMA)"
"J1","USB-C","Connector_USB:USB_C_Receptacle_HRO_TYPE-C-31-M-12","Korean Hroparts (HRO)","TYPE-C-31-M-12","USB Type-C 2.0 receptacle 16P mid-mount SMD"
"J3","SERVO","Connector_PinHeader_2.54mm:PinHeader_1x03_P2.54mm_Vertical","Wurth Elektronik","61300311121","CONN HEADER VERT 3POS 2.54MM THT"
"J4","LiPo","Connector_JST:JST_PH_B2B-PH-K_1x02_P2.00mm_Vertical","JST","B2B-PH-K-S","CONN HEADER VERT 2POS 2MM JST PH THT"
"J5","SPARE","Connector_PinHeader_2.54mm:PinHeader_1x04_P2.54mm_Vertical","Wurth Elektronik","61300411121","CONN HEADER VERT 4POS 2.54MM THT"
"JP1","DEEPSLEEP","Jumper:SolderJumper-2_P1.3mm_Bridged_Pad1.0x1.5mm","","",""
"L1","10uH","Inductor_SMD:L_Sunlord_SWPA4030S","Sunlord","SWPA4030S100MT","FIXED IND 10UH 1.5A 130 MOHM SMD 4x4x3"
"Q1","MMBT2222A","Package_TO_SOT_SMD:SOT-23","onsemi","MMBT2222ALT1G","TRANS NPN 40V 0.6A SOT-23"
"Q2","MMBT2222A","Package_TO_SOT_SMD:SOT-23","onsemi","MMBT2222ALT1G","TRANS NPN 40V 0.6A SOT-23"
"Q3","DMG2305UX","Package_TO_SOT_SMD:SOT-23","Diodes Incorporated","DMG2305UX-7","MOSFET P-CH 20V 4.2A SOT-23"
"Q4","DMG2305UX","Package_TO_SOT_SMD:SOT-23","Diodes Incorporated","DMG2305UX-7","MOSFET P-CH 20V 4.2A SOT-23"
"R1","10k","Resistor_SMD:R_0805_2012Metric","YAGEO","RC0805FR-0710KL","RES 10K OHM 1% 1/8W 0805"
"R2","10k","Resistor_SMD:R_0805_2012Metric","YAGEO","RC0805FR-0710KL","RES 10K OHM 1% 1/8W 0805"
"R3","10k","Resistor_SMD:R_0805_2012Metric","YAGEO","RC0805FR-0710KL","RES 10K OHM 1% 1/8W 0805"
"R4","10k","Resistor_SMD:R_0805_2012Metric","YAGEO","RC0805FR-0710KL","RES 10K OHM 1% 1/8W 0805"
"R5","10k","Resistor_SMD:R_0805_2012Metric","YAGEO","RC0805FR-0710KL","RES 10K OHM 1% 1/8W 0805"
"R6","10k","Resistor_SMD:R_0805_2012Metric","YAGEO","RC0805FR-0710KL","RES 10K OHM 1% 1/8W 0805"
"R7","10k","Resistor_SMD:R_0805_2012Metric","YAGEO","RC0805FR-0710KL","RES 10K OHM 1% 1/8W 0805"
"R9","100k","Resistor_SMD:R_0805_2012Metric","YAGEO","RC0805FR-07100KL","RES 100K OHM 1% 1/8W 0805"
"R10","5.1k","Resistor_SMD:R_0805_2012Metric","YAGEO","RC0805FR-075K1L","RES 5.1K OHM 1% 1/8W 0805"
"R11","5.1k","Resistor_SMD:R_0805_2012Metric","YAGEO","RC0805FR-075K1L","RES 5.1K OHM 1% 1/8W 0805"
"R12","22.1k","Resistor_SMD:R_0805_2012Metric","YAGEO","RC0805FR-0722K1L","RES 22.1K OHM 1% 1/8W 0805"
"R13","47.5k","Resistor_SMD:R_0805_2012Metric","YAGEO","RC0805FR-0747K5L","RES 47.5K OHM 1% 1/8W 0805"
"R14","2.2k","Resistor_SMD:R_0805_2012Metric","YAGEO","RC0805FR-072K2L","RES 2.2K OHM 1% 1/8W 0805"
"R15","1k","Resistor_SMD:R_0805_2012Metric","YAGEO","RC0805FR-071KL","RES 1K OHM 1% 1/8W 0805"
"R16","1k","Resistor_SMD:R_0805_2012Metric","YAGEO","RC0805FR-071KL","RES 1K OHM 1% 1/8W 0805"
"R17","100R","Resistor_SMD:R_0805_2012Metric","YAGEO","RC0805FR-07100RL","RES 100 OHM 1% 1/8W 0805"
"R18","10k","Resistor_SMD:R_0805_2012Metric","YAGEO","RC0805FR-0710KL","RES 10K OHM 1% 1/8W 0805"
"R19","10k","Resistor_SMD:R_0805_2012Metric","YAGEO","RC0805FR-0710KL","RES 10K OHM 1% 1/8W 0805"
"R20","100k","Resistor_SMD:R_0805_2012Metric","YAGEO","RC0805FR-07100KL","RES 100K OHM 1% 1/8W 0805"
"R21","27k","Resistor_SMD:R_0805_2012Metric","YAGEO","RC0805FR-0727KL","RES 27K OHM 1% 1/8W 0805"
"R22","82k","Resistor_SMD:R_0805_2012Metric","YAGEO","RC0805FR-0782KL","RES 82K OHM 1% 1/8W 0805"
"R23","11k","Resistor_SMD:R_0805_2012Metric","YAGEO","RC0805FR-0711KL","RES 11K OHM 1% 1/8W 0805"
"SW1","RESET","Button_Switch_SMD:SW_Push_1P1T_NO_CK_KMR2","C&K","KMR221G LFS","SWITCH TACTILE SPST-NO 0.05A 32V SMD"
"SW2","BOOT","Button_Switch_SMD:SW_Push_1P1T_NO_CK_KMR2","C&K","KMR221G LFS","SWITCH TACTILE SPST-NO 0.05A 32V SMD"
"SW3","POWER","Button_Switch_SMD:SW_SPDT_PCM12","C&K","PCM12SMTBR","SWITCH SLIDE SPDT 0.3A 6V SMD right-angle"
"U1","ESP-12F","RF_Module:ESP-12E","Ai-Thinker","ESP-12F","ESP8266 WiFi module ESP-12F"
"U2","CP2102N-A02-GQFN28","Package_DFN_QFN:QFN-28-1EP_5x5mm_P0.5mm_EP3.35x3.35mm","Silicon Labs","CP2102N-A02-GQFN28","IC USB TO UART BRIDGE QFN-28"
"U3","MCP73831","Package_TO_SOT_SMD:SOT-23-5","Microchip Technology","MCP73831T-2ACI/OT","IC BATT CNTL LI-ION 1CEL SOT-23-5"
"U4","AP2112K-3.3","Package_TO_SOT_SMD:SOT-23-5","Diodes Incorporated","AP2112K-3.3TRG1","IC REG LINEAR 3.3V 600MA SOT-23-5"
"U5","BME688","Package_LGA:Bosch_LGA-8_3x3mm_P0.8mm_ClockwisePinNumbering","Bosch Sensortec","BME688","SENSOR GAS/HUM/PRES/TEMP I2C LGA-8"
"U6","USBLC6-2SC6","Package_TO_SOT_SMD:SOT-23-6","STMicroelectronics","USBLC6-2SC6","TVS DIODE 5.25VWM 17VC SOT-23-6"
"U7","MT3608","Package_TO_SOT_SMD:SOT-23-6","Aerosemi Tech","MT3608","IC BOOST CONVERTER ADJ 1.2A SOT-23-6"
