Item #,*Designator,*Qty,Manufacturer,*Mfg Part #,Description / Value,*Package/Footprint,Type,Your Instructions / Notes
1,"C1, C10",2,Samsung Electro-Mechanics,CL21B105KOFNNWE,CAP CER 1UF 16V X7R 0805,0805,SMD,
2,"C2, C11, C16, C23",4,YAGEO,CC0805KRX5R7BB106,CAP CER 10UF 16V X5R 0805,0805,SMD,
3,"C3, C8, C12, C14, C15, C17, C22, C24",8,Samsung Electro-Mechanics,CL21B104KBCNNNC,CAP CER 0.1UF 50V X7R 0805,0805,SMD,
4,"C6, C7, C9",3,Samsung Electro-Mechanics,CL21A475KOFNNNG,CAP CER 4.7UF 16V X5R 0805,0805,SMD,
5,C13,1,Nichicon,UCD1C101MCL1GS,CAP ALUM 100UF 20% 16V SMD 6.3mm dia,6.3x5.4mm SMD V-chip,SMD,"6.3mm dia, 5.8mm height - fits CP_Elec_6.3x5.4 land"
6,"C19, C20",2,Samsung Electro-Mechanics,CL21A226KOQNNNG,CAP CER 22UF 16V X5R 0805,0805,SMD,
7,D1,1,MCC (Micro Commercial Components),B5819W-TP,DIODE SCHOTTKY 40V 1A SOD-123,SOD-123,SMD,
8,D2,1,Kingbright,KPA-3010SGC,LED GREEN CLEAR RIGHT ANGLE SMD 3.0x2.0x1.0mm side-view,3.0x2.0x1.0mm side-view,SMD,Green side-view charge LED
9,D3,1,Kingbright,KPA-3010QBC-D,LED BLUE CLEAR RIGHT ANGLE SMD 3.0x2.0x1.0mm side-view; status + WiFi setup feedback,3.0x2.0x1.0mm side-view,SMD,
10,J1,1,Korean Hroparts (HRO),TYPE-C-31-M-12,USB Type-C 2.0 receptacle 16P mid-mount SMD,USB-C 16P mid-mount,SMD,e.g. LCSC C165948
11,J3,1,Wurth Elektronik,61300311121,CONN HEADER VERT 3POS 2.54MM THT,1x03 2.54mm,THT,
12,J4,1,JST,B2B-PH-K-S,CONN HEADER VERT 2POS 2MM JST PH THT,JST PH 2mm 1x02,THT,
13,J5,1,JST,SM04B-SRSS-TB(LF)(SN),CONN HEADER SMD R/A 4POS 1MM JST SH; STEMMA QT / Qwiic,JST SH 1.0mm 4P right-angle SMD,SMD,STEMMA QT / Qwiic port
14,"Q3, Q4, Q5, Q6, Q8",5,Diodes Incorporated,DMG2305UX-7,MOSFET P-CH 20V 4.2A SOT-23,SOT-23,SMD,
15,Q7,1,Diodes Incorporated,2N7002-7-F,MOSFET N-CH 60V 115MA SOT-23,SOT-23,SMD,
16,"Q9, Q10",2,onsemi,BSS138,MOSFET N-CH 50V 220MA SOT-23,SOT-23,SMD,
17,"R1, R2, R3, R5, R18, R19, R29, R30, R31",9,YAGEO,RC0805FR-0710KL,RES 10K OHM 1% 1/8W 0805,0805,SMD,
18,"R4, R9, R27",3,YAGEO,RC0805FR-07100KL,RES 100K OHM 1% 1/8W 0805,0805,SMD,
19,"R10, R11",2,YAGEO,RC0805FR-075K1L,RES 5.1K OHM 1% 1/8W 0805,0805,SMD,
20,"R12, R28",2,YAGEO,RC0805FR-0747K5L,RES 47.5K OHM 1% 1/8W 0805,0805,SMD,
21,R13,1,YAGEO,RC0805FR-0722K1L,RES 22.1K OHM 1% 1/8W 0805,0805,SMD,
22,R14,1,YAGEO,RC0805FR-073K3L,RES 3.3K OHM 1% 1/8W 0805,0805,SMD,
23,R15,1,YAGEO,RC0805FR-071KL,RES 1K OHM 1% 1/8W 0805,0805,SMD,
24,R16,1,YAGEO,RC0805FR-07220RL,RES 220 OHM 1% 1/8W 0805,0805,SMD,
25,R17,1,YAGEO,RC0805FR-07100RL,RES 100 OHM 1% 1/8W 0805,0805,SMD,
26,R20,1,YAGEO,RC0805FR-071ML,RES 1M OHM 1% 1/8W 0805,0805,SMD,
27,R21,1,YAGEO,RC0805FR-07270KL,RES 270K OHM 1% 1/8W 0805,0805,SMD,
28,"R24, R25",2,YAGEO,RC0805FR-0722RL,RES 22 OHM 1% 1/8W 0805,0805,SMD,
29,R26,1,YAGEO,RC0805FR-0710ML,RES 10M OHM 1% 1/8W 0805,0805,SMD,
30,R32,1,YAGEO,RC0805FR-0718KL,RES 18K OHM 1% 1/8W 0805,0805,SMD,
31,"SW1, SW2",2,C&K,KMR221G LFS,SWITCH TACTILE SPST-NO 0.05A 32V SMD,KMR2 (4.2x2.8mm),SMD,
32,SW3,1,C&K,OS102011MA1QN1,"SWITCH SLIDE SPDT 0.1A 12V THT right-angle, 4 mm actuator",C&K OS right-angle SPDT (THT),THT,"Right-angle THT, 4 mm actuator; e.g. LCSC C226259"
33,SW4,1,C&K,OS103011MA7QP1,"SWITCH SLIDE SP3T ON-ON-ON 0.1A 12V THT right-angle, 4 mm actuator",C&K OS right-angle SP3T (THT),THT,"Right-angle THT SP3T, 4 mm actuator; Digi-Key CKN9561-ND"
34,U1,1,Espressif Systems,ESP32-C3-WROOM-02-N4,"ESP32-C3 WiFi/BLE module, 4 MB flash, PCB antenna, 18x20 mm castellated",ESP32-C3-WROOM-02 module 18x20mm,SMD,"ESP32-C3 module, 4 MB flash"
35,U3,1,Microchip Technology,MCP73831T-2ACI/OT,IC BATT CNTL LI-ION 1CEL SOT-23-5,SOT-23-5,SMD,
36,U4,1,Diodes Incorporated,AP2112K-3.3TRG1,IC REG LINEAR 3.3V 600MA SOT-23-5,SOT-23-5,SMD,
37,U5,1,Bosch Sensortec,BME688,SENSOR GAS/HUM/PRES/TEMP I2C LGA-8,LGA-8 3x3,SMD,
38,"U6, U8",2,STMicroelectronics,USBLC6-2SC6,TVS DIODE 5.25VWM 17VC SOT-23-6,SOT-23-6,SMD,
